Accuracy,Precision,Recall,F1_Score
0.6186440677966102,0.5319148936170213,0.5208333333333334,0.5263157894736842
